word,sentiment
como,positivo
gran,positivo
mayor,positivo
nuevo,positivo
general,positivo
obra,positivo
principal,positivo
bien,positivo
poco,positivo
trabajo,positivo
importante,positivo
mejor,positivo
obras,positivo
cerca,positivo
éxito,positivo
acuerdo,positivo
pues,positivo
propio,positivo
original,positivo
igual,positivo
cuerpo,positivo
primero,positivo
servicio,positivo
modo,positivo
principios,positivo
gracias,positivo
personaje,positivo
dirección,positivo
superior,positivo
personajes,positivo
apoyo,positivo
capacidad,positivo
derecho,positivo
real,positivo
grande,positivo
realizar,positivo
firme,positivo
profesional,positivo
similar,positivo
libre,positivo
sentido,positivo
respecto,positivo
mejores,positivo
sencillo,positivo
características,positivo
influencia,positivo
valor,positivo
favor,positivo
energía,positivo
oro,positivo
dicha,positivo
considerado,positivo
alcanzar,positivo
victoria,positivo
honor,positivo
premio,positivo
nada,positivo
amor,positivo
realizado,positivo
bastante,positivo
campeón,positivo
trabajar,positivo
educación,positivo
derecha,positivo
líder,positivo
pasar,positivo
mil,positivo
unidad,positivo
prueba,positivo
contrato,positivo
libertad,positivo
completo,positivo
llevar,positivo
pronto,positivo
rápidamente,positivo
ganar,positivo
completamente,positivo
famoso,positivo
máximo,positivo
capaz,positivo
conseguir,positivo
maestro,positivo
ganado,positivo
paz,positivo
humano,positivo
vivo,positivo
variedad,positivo
protección,positivo
premios,positivo
claro,positivo
destaca,positivo
económico,positivo
derrota,positivo
Grande,positivo
right,positivo
propuesta,positivo
destino,positivo
corazón,positivo
cabecera,positivo
intención,positivo
grabado,positivo
lograr,positivo
reconocido,positivo
producir,positivo
señor,positivo
ayudar,positivo
dedicado,positivo
clásico,positivo
llevado,positivo
dulce,positivo
suficiente,positivo
verdad,positivo
fama,positivo
destacado,positivo
ganador,positivo
top,positivo
éxitos,positivo
cubierta,positivo
breve,positivo
rápido,positivo
notable,positivo
mejorar,positivo
disponible,positivo
verdadero,positivo
abogado,positivo
inmediatamente,positivo
activo,positivo
amplio,positivo
reforma,positivo
fácil,positivo
homenaje,positivo
justo,positivo
moderno,positivo
intereses,positivo
representante,positivo
cumplir,positivo
triunfo,positivo
salvo,positivo
ganando,positivo
pensamiento,positivo
fortaleza,positivo
amistad,positivo
ampliamente,positivo
recuperar,positivo
derrotado,positivo
jugando,positivo
belleza,positivo
fe,positivo
legal,positivo
alianza,positivo
igualmente,positivo
celebración,positivo
claramente,positivo
fácilmente,positivo
suerte,positivo
habilidad,positivo
cielo,positivo
proteger,positivo
considerar,positivo
justicia,positivo
disposición,positivo
deportivo,positivo
aumentar,positivo
supuesto,positivo
calor,positivo
integrado,positivo
ventaja,positivo
oferta,positivo
logrado,positivo
caballería,positivo
soporte,positivo
patrón,positivo
riqueza,positivo
excelente,positivo
comenzar,positivo
reformas,positivo
brillante,positivo
derrotar,positivo
seguro,positivo
moral,positivo
recuperación,positivo
precisamente,positivo
fans,positivo
útil,positivo
inteligencia,positivo
juvenil,positivo
trabajado,positivo
mejora,positivo
bueno,positivo
confianza,positivo
liberación,positivo
defender,positivo
declaración,positivo
noble,positivo
considerable,positivo
gana,positivo
maestros,positivo
interesante,positivo
ideal,positivo
superar,positivo
santo,positivo
equilibrio,positivo
talento,positivo
gusto,positivo
héroe,positivo
cima,positivo
cero,positivo
aprobación,positivo
humor,positivo
celebrado,positivo
prestigio,positivo
intelectual,positivo
poderoso,positivo
profundo,positivo
paciente,positivo
beneficios,positivo
ofrecer,positivo
compromiso,positivo
inspiración,positivo
apoyar,positivo
espiritual,positivo
esperar,positivo
célebre,positivo
flor,positivo
detenido,positivo
exactamente,positivo
alimento,positivo
asegurar,positivo
sorpresa,positivo
añadir,positivo
completar,positivo
amante,positivo
beneficio,positivo
abundante,positivo
cable,positivo
demuestra,positivo
extremadamente,positivo
mejoras,positivo
virtud,positivo
rico,positivo
otorgado,positivo
adecuado,positivo
visible,positivo
suficientemente,positivo
estable,positivo
contraste,positivo
fortuna,positivo
logro,positivo
secundario,positivo
conduce,positivo
impulso,positivo
impresión,positivo
continuidad,positivo
distinción,positivo
correcto,positivo
aprobado,positivo
afluente,positivo
saludo,positivo
facilidad,positivo
realista,positivo
subir,positivo
facilitar,positivo
progreso,positivo
magia,positivo
conforme,positivo
caliente,positivo
estabilidad,positivo
definido,positivo
celebrar,positivo
pasión,positivo
auge,positivo
recurso,positivo
funcionar,positivo
formalmente,positivo
fiel,positivo
logros,positivo
dispuesto,positivo
revolucionario,positivo
suave,positivo
prima,positivo
adecuada,positivo
aviso,positivo
novio,positivo
sensación,positivo
perfectamente,positivo
liberado,positivo
integral,positivo
atracción,positivo
Renacimiento,positivo
elaborado,positivo
defensor,positivo
ganadora,positivo
positivo,positivo
diplomático,positivo
preparar,positivo
profundamente,positivo
apreciar,positivo
apoyado,positivo
atractivo,positivo
favorable,positivo
notablemente,positivo
contribución,positivo
significativo,positivo
probar,positivo
avances,positivo
ordenado,positivo
creer,positivo
ligero,positivo
cumplimiento,positivo
trato,positivo
pendiente,positivo
potente,positivo
ventajas,positivo
abundancia,positivo
operar,positivo
extenso,positivo
crédito,positivo
fresco,positivo
cura,positivo
dinámica,positivo
feliz,positivo
defensores,positivo
consistente,positivo
perfecto,positivo
ganadores,positivo
capturar,positivo
lujo,positivo
elevación,positivo
sólido,positivo
semejante,positivo
silencio,positivo
pacto,positivo
franco,positivo
instrumental,positivo
ejemplar,positivo
preparado,positivo
estelar,positivo
garantizar,positivo
renacentista,positivo
eficaz,positivo
inteligente,positivo
afición,positivo
disfrutar,positivo
mina,positivo
experto,positivo
vencedor,positivo
aporte,positivo
puro,positivo
apoya,positivo
levantar,positivo
ánimo,positivo
comprender,positivo
correctamente,positivo
designar,positivo
supervivencia,positivo
superado,positivo
ama,positivo
dorado,positivo
seguramente,positivo
comprensión,positivo
amistoso,positivo
eficacia,positivo
atraer,positivo
fantasía,positivo
preciso,positivo
conducir,positivo
obligación,positivo
madrugada,positivo
avanzado,positivo
fijo,positivo
eficiente,positivo
pura,positivo
enamorado,positivo
santa,positivo
derrotas,positivo
masivo,positivo
promesa,positivo
favorito,positivo
élite,positivo
armonía,positivo
lealtad,positivo
monumental,positivo
renombre,positivo
respaldo,positivo
limpieza,positivo
madurez,positivo
conveniente,positivo
pozo,positivo
ángel,positivo
bienestar,positivo
acogida,positivo
excepcional,positivo
plomo,positivo
adaptado,positivo
legendario,positivo
influyente,positivo
segura,positivo
gloria,positivo
impresionante,positivo
romántica,positivo
cálido,positivo
espectacular,positivo
afirmación,positivo
aprecia,positivo
esplendor,positivo
querido,positivo
excelencia,positivo
abiertamente,positivo
tracción,positivo
alegría,positivo
satisfacer,positivo
prefiere,positivo
aplicado,positivo
positivos,positivo
querer,positivo
efectuar,positivo
sagrado,positivo
entusiasmo,positivo
privilegio,positivo
brillo,positivo
ayudado,positivo
dignidad,positivo
trofeo,positivo
innovación,positivo
extraordinario,positivo
auténtico,positivo
reforzar,positivo
sensible,positivo
mágico,positivo
gracia,positivo
romántico,positivo
superioridad,positivo
accesible,positivo
joyas,positivo
curioso,positivo
negociar,positivo
renombrado,positivo
prestigioso,positivo
superó,positivo
decisivo,positivo
moverse,positivo
restaurar,positivo
compatible,positivo
felicidad,positivo
portavoz,positivo
agradable,positivo
fomentar,positivo
convenio,positivo
apropiado,positivo
trabajador,positivo
fluido,positivo
emociones,positivo
dominar,positivo
lógico,positivo
ganancias,positivo
maestría,positivo
fidelidad,positivo
aficionado,positivo
prominente,positivo
orgullo,positivo
inofensivo,positivo
enteramente,positivo
sorprendente,positivo
celeste,positivo
revolucionaria,positivo
protector,positivo
tapa,positivo
indicado,positivo
complemento,positivo
legalmente,positivo
galardón,positivo
admiración,positivo
sostenido,positivo
Magno,positivo
mejorado,positivo
renacimiento,positivo
elegante,positivo
supremo,positivo
promotor,positivo
placer,positivo
prosperidad,positivo
talentos,positivo
listo,positivo
reconocimientos,positivo
revelación,positivo
deber,positivo
resistente,positivo
azar,positivo
dominado,positivo
dotado,positivo
distintivo,positivo
apogeo,positivo
restaurado,positivo
certeza,positivo
exacto,positivo
sostener,positivo
recto,positivo
autónomo,positivo
integridad,positivo
corregir,positivo
domina,positivo
genio,positivo
mérito,positivo
empuje,positivo
ayudando,positivo
agudo,positivo
perdón,positivo
fino,positivo
sonda,positivo
racional,positivo
enamorada,positivo
amanecer,positivo
alegre,positivo
perfección,positivo
novedad,positivo
ilustración,positivo
cumplido,positivo
impulsar,positivo
hermoso,positivo
aclarar,positivo
ilustre,positivo
claridad,positivo
sabiduría,positivo
distinguido,positivo
divino,positivo
mono,positivo
solidaridad,positivo
facilita,positivo
amo,positivo
legítimo,positivo
libertades,positivo
cariño,positivo
garantía,positivo
animado,positivo
bello,positivo
penetración,positivo
creativo,positivo
práctico,positivo
educado,positivo
sabio,positivo
leal,positivo
renovado,positivo
balas,positivo
gratuito,positivo
delgado,positivo
inocente,positivo
heroína,positivo
ambicioso,positivo
ingenio,positivo
calificado,positivo
merced,positivo
afecto,positivo
premiado,positivo
bienvenida,positivo
fértil,positivo
probado,positivo
flexible,positivo
ahorro,positivo
informativo,positivo
super,positivo
basta,positivo
satisfacción,positivo
dinámico,positivo
justamente,positivo
recomendación,positivo
marchar,positivo
emoción,positivo
valioso,positivo
respetar,positivo
gustos,positivo
ídolo,positivo
sostenible,positivo
diversión,positivo
favorecer,positivo
prometido,positivo
tranquilidad,positivo
entendido,positivo
valiente,positivo
agradecimiento,positivo
aprobar,positivo
cargado,positivo
resuelto,positivo
amable,positivo
garantías,positivo
promesas,positivo
creativa,positivo
transparente,positivo
suceder,positivo
recomendaciones,positivo
paraíso,positivo
tranquilo,positivo
elevar,positivo
preferencias,positivo
milagro,positivo
trompeta,positivo
pastel,positivo
afinidad,positivo
preferido,positivo
innovador,positivo
fiable,positivo
reclamar,positivo
curar,positivo
restablecer,positivo
afán,positivo
reestructuración,positivo
patriota,positivo
digno,positivo
floración,positivo
aspiraciones,positivo
calma,positivo
gradual,positivo
estímulo,positivo
bonus,positivo
modesto,positivo
remedio,positivo
autorizado,positivo
inmenso,positivo
originalidad,positivo
crianza,positivo
limpiar,positivo
portátil,positivo
flexibilidad,positivo
profundidades,positivo
razonable,positivo
consorcio,positivo
conveniencia,positivo
adoración,positivo
hábil,positivo
poético,positivo
energético,positivo
magnífico,positivo
colorido,positivo
gratis,positivo
productiva,positivo
firmemente,positivo
erudito,positivo
recomendable,positivo
fantástico,positivo
lírico,positivo
aclamado,positivo
ganancia,positivo
progresista,positivo
maduro,positivo
coherente,positivo
afluencia,positivo
piedad,positivo
exitosamente,positivo
supremacía,positivo
impresionado,positivo
cooperativa,positivo
prestación,positivo
competitivo,positivo
prendas,positivo
apreciado,positivo
sobresaliente,positivo
rosado,positivo
productivo,positivo
limpio,positivo
amada,positivo
íntimo,positivo
divertido,positivo
mejoramiento,positivo
sumo,positivo
bendición,positivo
seguidor,positivo
asegurando,positivo
disminuido,positivo
indiscutible,positivo
love,positivo
descansar,positivo
profecía,positivo
pacífico,positivo
disfruta,positivo
aliviar,positivo
sustancial,positivo
valentía,positivo
sustento,positivo
milagros,positivo
comodidad,positivo
entusiasta,positivo
destreza,positivo
acoger,positivo
reconciliación,positivo
cláusula,positivo
acreditado,positivo
curación,positivo
boom,positivo
cuadra,positivo
obsesión,positivo
palanca,positivo
perpendicular,positivo
memorable,positivo
motivado,positivo
reformar,positivo
prenda,positivo
multa,positivo
victorioso,positivo
prolífico,positivo
liderar,positivo
liso,positivo
joya,positivo
amado,positivo
revivir,positivo
veracidad,positivo
sustantivo,positivo
óptimo,positivo
reformado,positivo
grandeza,positivo
elegancia,positivo
humorístico,positivo
barato,positivo
estimular,positivo
amoroso,positivo
sonrisa,positivo
confiar,positivo
sensaciones,positivo
alba,positivo
simplificado,positivo
genial,positivo
excepcionalmente,positivo
paciencia,positivo
sano,positivo
amar,positivo
recomendado,positivo
óptima,positivo
asegurado,positivo
maravilloso,positivo
surrealista,positivo
orgulloso,positivo
apasionado,positivo
superviviente,positivo
triunfal,positivo
coraje,positivo
sobreviviente,positivo
competente,positivo
apelación,positivo
actualizado,positivo
aspiración,positivo
maravillas,positivo
abogada,positivo
calificar,positivo
robusto,positivo
favorecido,positivo
compacta,positivo
satisfecho,positivo
coherencia,positivo
devolución,positivo
provecho,positivo
aspirante,positivo
admirador,positivo
triunfar,positivo
trance,positivo
festivo,positivo
previsión,positivo
cómodo,positivo
like,positivo
suprema,positivo
valorar,positivo
navegable,positivo
best,positivo
sencillamente,positivo
agilidad,positivo
consecuentemente,positivo
ordenanza,positivo
ágil,positivo
disfrute,positivo
solid,positivo
versatilidad,positivo
bondad,positivo
carisma,positivo
free,positivo
medido,positivo
privilegiado,positivo
oasis,positivo
res,positivo
susceptible,positivo
trascendental,positivo
facilitando,positivo
sorprendentemente,positivo
bovino,positivo
enmienda,positivo
enriquecimiento,positivo
alivio,positivo
animar,positivo
progresos,positivo
guiar,positivo
ahorros,positivo
futurista,positivo
agrado,positivo
abrazo,positivo
bonito,positivo
honrar,positivo
formidable,positivo
honrado,positivo
oportuno,positivo
finamente,positivo
admirar,positivo
intimidad,positivo
ardiente,positivo
eminente,positivo
elite,positivo
aventurero,positivo
extraordinariamente,positivo
súper,positivo
subsiguiente,positivo
confiable,positivo
constructivo,positivo
preferible,positivo
complementar,positivo
refinado,positivo
generosidad,positivo
saludable,positivo
distinguirse,positivo
contento,positivo
factible,positivo
manada,positivo
sobrepasar,positivo
optimista,positivo
exento,positivo
moralidad,positivo
exuberante,positivo
propicio,positivo
luminoso,positivo
máster,positivo
excitación,positivo
caluroso,positivo
generoso,positivo
fielmente,positivo
devoto,positivo
versátil,positivo
virtuoso,positivo
buey,positivo
cortesía,positivo
gratitud,positivo
fervor,positivo
encender,positivo
borra,positivo
profusamente,positivo
disolvente,positivo
eternidad,positivo
preventiva,positivo
heroico,positivo
articular,positivo
prometedor,positivo
sensual,positivo
asombro,positivo
humildad,positivo
acierto,positivo
intriga,positivo
sofisticado,positivo
articulado,positivo
calmar,positivo
complementos,positivo
apreciable,positivo
sensiblemente,positivo
ajustado,positivo
instantáneamente,positivo
apego,positivo
prudente,positivo
estimula,positivo
afección,positivo
exaltación,positivo
abunda,positivo
pintoresco,positivo
perfeccionar,positivo
próspero,positivo
emocionante,positivo
estabilizar,positivo
cordial,positivo
madurar,positivo
celestial,positivo
satisface,positivo
alcohólico,positivo
curado,positivo
sexy,positivo
gozar,positivo
fascinación,positivo
ferviente,positivo
lujoso,positivo
escénico,positivo
inoxidable,positivo
triunfante,positivo
suavemente,positivo
prefiriendo,positivo
equilibrado,positivo
increíblemente,positivo
deseable,positivo
floreciente,positivo
simplificar,positivo
calentar,positivo
tremendamente,positivo
honestidad,positivo
sostenibilidad,positivo
eficazmente,positivo
espontáneo,positivo
complementario,positivo
inolvidable,positivo
diestro,positivo
disfrutando,positivo
respetable,positivo
encantado,positivo
superintendente,positivo
amistosa,positivo
mejoría,positivo
refinamiento,positivo
optimismo,positivo
selectivo,positivo
alabanza,positivo
redención,positivo
talentoso,positivo
prudencia,positivo
precioso,positivo
ayuno,positivo
simpático,positivo
diana,positivo
convincente,positivo
vigilante,positivo
amigable,positivo
aclamación,positivo
adelantar,positivo
pacíficamente,positivo
admirable,positivo
misericordia,positivo
impecable,positivo
conciliar,positivo
indudable,positivo
convenientemente,positivo
rapto,positivo
aspirar,positivo
maravilla,positivo
consuelo,positivo
prodigio,positivo
suposición,positivo
master,positivo
excede,positivo
indulto,positivo
heredar,positivo
exhaustivo,positivo
benéfico,positivo
satisfactoriamente,positivo
honesto,positivo
vibrante,positivo
elogio,positivo
uniformemente,positivo
coronar,positivo
agradecido,positivo
carismático,positivo
honorable,positivo
enérgico,positivo
tenaz,positivo
merecedor,positivo
estimulante,positivo
auspicio,positivo
prominencia,positivo
patriótico,positivo
florecer,positivo
consumado,positivo
expresivo,positivo
sustentación,positivo
fragilidad,positivo
ingenioso,positivo
ricamente,positivo
cofre,positivo
beneficioso,positivo
confidente,positivo
éxtasis,positivo
respaldar,positivo
progresar,positivo
profusión,positivo
gracioso,positivo
benefactor,positivo
premiar,positivo
cooperativo,positivo
glorioso,positivo
caramelo,positivo
empujar,positivo
fascinante,positivo
invencible,positivo
ilimitado,positivo
permitirse,positivo
comprensible,positivo
majestad,positivo
deseando,positivo
milagrosamente,positivo
afortunadamente,positivo
atento,positivo
pera,positivo
sincero,positivo
sublime,positivo
razonablemente,positivo
satisfactorio,positivo
empatía,positivo
exquisito,positivo
silencioso,positivo
agradecer,positivo
obertura,positivo
nata,positivo
emprendedor,positivo
autorizar,positivo
serenidad,positivo
festejar,positivo
diligencia,positivo
guapo,positivo
librar,positivo
iluminar,positivo
predilecto,positivo
enriquecer,positivo
prosperar,positivo
decente,positivo
pulido,positivo
sustentar,positivo
genuino,positivo
felizmente,positivo
vocero,positivo
hot,positivo
beneficiar,positivo
salvador,positivo
impresionar,positivo
resplandor,positivo
creíble,positivo
atrevido,positivo
estilizado,positivo
venia,positivo
sinceridad,positivo
luchadora,positivo
hospitalario,positivo
hábilmente,positivo
tierno,positivo
benigno,positivo
radiante,positivo
galán,positivo
eficientemente,positivo
euforia,positivo
sinceramente,positivo
imparcial,positivo
majestuoso,positivo
apacible,positivo
grandioso,positivo
fair,positivo
alentar,positivo
work,positivo
exceder,positivo
condimento,positivo
cómodamente,positivo
lindo,positivo
adivinación,positivo
espléndido,positivo
minucioso,positivo
apoyarse,positivo
preferiblemente,positivo
afortunado,positivo
elocuencia,positivo
premier,positivo
disfrutado,positivo
entretener,positivo
minuciosamente,positivo
ventilador,positivo
lucir,positivo
amabilidad,positivo
solvencia,positivo
revive,positivo
despejar,positivo
brillantez,positivo
brillar,positivo
tender,positivo
personalizado,positivo
sancionar,positivo
abrazar,positivo
verificable,positivo
recomendar,positivo
preferir,positivo
good,positivo
complementado,positivo
cabezal,positivo
regio,positivo
apuesto,positivo
vivaz,positivo
delicadeza,positivo
peluche,positivo
felicitaciones,positivo
taquillera,positivo
agrada,positivo
apelar,positivo
encantador,positivo
grand,positivo
adivinar,positivo
visionario,positivo
asombroso,positivo
ovación,positivo
establo,positivo
inspirar,positivo
preguntarse,positivo
bonificación,positivo
dulzura,positivo
entrañable,positivo
cortés,positivo
respetuoso,positivo
intuitivo,positivo
granizo,positivo
cenit,positivo
asequible,positivo
lucrativo,positivo
prometedora,positivo
confidencial,positivo
meritorio,positivo
fructífero,positivo
adorar,positivo
revitalizar,positivo
inspirador,positivo
reafirmar,positivo
júbilo,positivo
imparcialidad,positivo
guapa,positivo
esclarecer,positivo
elocuente,positivo
adorado,positivo
relajado,positivo
modestia,positivo
diversificado,positivo
triunfador,positivo
perseverancia,positivo
saludar,positivo
sanar,positivo
brisa,positivo
reverencia,positivo
remediar,positivo
cariñoso,positivo
acaudalado,positivo
irresistible,positivo
francamente,positivo
beato,positivo
emocionado,positivo
simplifica,positivo
rematar,positivo
razonar,positivo
poderosamente,positivo
well,positivo
convencimiento,positivo
purificar,positivo
morder,positivo
vencimiento,positivo
motivar,positivo
cereza,positivo
respiro,positivo
beneficiario,positivo
remisión,positivo
afilado,positivo
ración,positivo
prometer,positivo
complacer,positivo
ávido,positivo
despejado,positivo
elitista,positivo
calmado,positivo
rectificación,positivo
comprimir,positivo
stable,positivo
retráctil,positivo
confortable,positivo
alzar,positivo
inexpugnable,positivo
entretenido,positivo
puntiagudo,positivo
amablemente,positivo
irreal,positivo
fabuloso,positivo
milagroso,positivo
ansia,positivo
trascender,positivo
refrescante,positivo
incitar,positivo
honradez,positivo
esbelto,positivo
bravo,positivo
radiador,positivo
pináculo,positivo
destello,positivo
adinerado,positivo
altruista,positivo
suavizar,positivo
crujiente,positivo
feat,positivo
exaltado,positivo
soft,positivo
desprendido,positivo
aurora,positivo
gozo,positivo
seductor,positivo
realzar,positivo
durazno,positivo
laudo,positivo
bienvenido,positivo
protuberancia,positivo
sobresalir,positivo
esmero,positivo
ventajoso,positivo
tallar,positivo
inventiva,positivo
veraz,positivo
firmamento,positivo
venerar,positivo
utilizable,positivo
sensacional,positivo
brillantemente,positivo
alabando,positivo
excitado,positivo
cool,positivo
sonriente,positivo
deleite,positivo
curarse,positivo
resguardado,positivo
estupendo,positivo
desmontar,positivo
valientemente,positivo
hermosura,positivo
generosamente,positivo
delicioso,positivo
súpero,positivo
talentosa,positivo
felicitación,positivo
certero,positivo
adaptable,positivo
legible,positivo
inquebrantable,positivo
entusiasmado,positivo
legítimamente,positivo
bondadoso,positivo
clarificar,positivo
magnificencia,positivo
armonizar,positivo
presagio,positivo
decretar,positivo
callado,positivo
eminencia,positivo
laborioso,positivo
impresionada,positivo
garante,positivo
revival,positivo
inteligible,positivo
reestructurar,positivo
manjar,positivo
angel,positivo
ventiladores,positivo
melocotón,positivo
trompo,positivo
sociable,positivo
intrigante,positivo
consistentemente,positivo
recompensar,positivo
absorbente,positivo
dócil,positivo
asombrado,positivo
benevolencia,positivo
respalda,positivo
providencia,positivo
realce,positivo
merecer,positivo
inestimable,positivo
incuestionable,positivo
alegremente,positivo
won,positivo
nitidez,positivo
callar,positivo
apasionadamente,positivo
deslumbrante,positivo
regocijo,positivo
afable,positivo
audible,positivo
suntuoso,positivo
indulgencia,positivo
gustar,positivo
gold,positivo
manejable,positivo
seducido,positivo
panorámico,positivo
despuntar,positivo
fraternal,positivo
obediente,positivo
bendecir,positivo
acomodado,positivo
infalible,positivo
rectificar,positivo
perdurable,positivo
florido,positivo
fideicomiso,positivo
consumar,positivo
conllevar,positivo
sólidamente,positivo
impresiona,positivo
heroicamente,positivo
galante,positivo
valeroso,positivo
felicitar,positivo
refinar,positivo
adorable,positivo
tapadera,positivo
incondicionalmente,positivo
envidiable,positivo
embellecer,positivo
acogedor,positivo
preeminente,positivo
palaciego,positivo
lean,positivo
idealmente,positivo
estirar,positivo
inequívocamente,positivo
equitativo,positivo
adueñarse,positivo
conmovedor,positivo
intrincado,positivo
bellamente,positivo
great,positivo
obsesiones,positivo
radioactivo,positivo
bienvenidos,positivo
imaginativo,positivo
franqueza,positivo
osado,positivo
exaltar,positivo
recio,positivo
lustre,positivo
grato,positivo
ajustable,positivo
portable,positivo
led,positivo
invulnerable,positivo
camote,positivo
quieto,positivo
prodigioso,positivo
pegadizo,positivo
exuberancia,positivo
meticulosamente,positivo
espacioso,positivo
conciliador,positivo
adaptativo,positivo
fermentar,positivo
fenomenal,positivo
pródigo,positivo
equitativamente,positivo
termonuclear,positivo
jovial,positivo
alabar,positivo
espectacularmente,positivo
conciso,positivo
simplificando,positivo
armonioso,positivo
resplandeciente,positivo
delicia,positivo
angelical,positivo
meticuloso,positivo
idol,positivo
ready,positivo
aplazar,positivo
desmontable,positivo
receptivo,positivo
sensato,positivo
lúcido,positivo
amortización,positivo
terminantemente,positivo
rebasar,positivo
admiradora,positivo
incisivo,positivo
magníficamente,positivo
fast,positivo
survival,positivo
bonificaciones,positivo
complacido,positivo
afectuoso,positivo
sabroso,positivo
better,positivo
augurio,positivo
provechoso,positivo
decencia,positivo
abogar,positivo
support,positivo
adjudicar,positivo
saborear,positivo
idílico,positivo
sabiamente,positivo
pacientemente,positivo
happy,positivo
enhorabuena,positivo
espaldarazo,positivo
grácil,positivo
intrépido,positivo
metódico,positivo
placentero,positivo
juguetón,positivo
divertir,positivo
complacencia,positivo
expansivo,positivo
entendible,positivo
atrevimiento,positivo
tranquilizar,positivo
amistosamente,positivo
agraciado,positivo
important,positivo
elegantemente,positivo
works,positivo
revolucionar,positivo
modern,positivo
lucio,positivo
fun,positivo
sagaz,positivo
reintegrado,positivo
maravillosamente,positivo
afirmativo,positivo
maniobrable,positivo
estabilizarse,positivo
refrescar,positivo
deferencia,positivo
compasivo,positivo
tentar,positivo
progressive,positivo
masters,positivo
imbatible,positivo
encendedor,positivo
brillando,positivo
pudiente,positivo
caballeresco,positivo
ahínco,positivo
vencejo,positivo
subvencionado,positivo
redimir,positivo
excitar,positivo
excedido,positivo
sweet,positivo
sonreír,positivo
cortejar,positivo
caballerosidad,positivo
adelantamiento,positivo
sonrisas,positivo
espumoso,positivo
lead,positivo
infalibilidad,positivo
románticamente,positivo
caritativo,positivo
empoderamiento,positivo
redentor,positivo
inequívoco,positivo
gratificación,positivo
prosperando,positivo
sosiego,positivo
regulable,positivo
gratificante,positivo
evocador,positivo
glorificar,positivo
reembolso,positivo
razonado,positivo
limpiador,positivo
enderezar,positivo
invaluable,positivo
hilarante,positivo
perspicaz,positivo
geek,positivo
entretiene,positivo
easy,positivo
consolar,positivo
avalar,positivo
indulgente,positivo
avidez,positivo
magro,positivo
loable,positivo
asombrosamente,positivo
diligente,positivo
golosina,positivo
inteligentemente,positivo
honrando,positivo
retocar,positivo
endeudado,positivo
reestructurado,positivo
individualizado,positivo
franquear,positivo
cure,positivo
trust,positivo
talent,positivo
alcanzable,positivo
excita,positivo
cuantioso,positivo
revolucionado,positivo
respetuosamente,positivo
available,positivo
fragante,positivo
instructivo,positivo
benévolo,positivo
enough,positivo
durable,positivo
saint,positivo
excelentemente,positivo
elogiar,positivo
pros,positivo
fiduciario,positivo
fanfarria,positivo
ofertar,positivo
servicial,positivo
reanimar,positivo
mechero,positivo
certidumbre,positivo
adorando,positivo
perspicacia,positivo
nutrir,positivo
esperanzador,positivo
encomiable,positivo
cautivar,positivo
fine,positivo
atestiguar,positivo
afectuosamente,positivo
fiar,positivo
award,positivo
apuntalar,positivo
strong,positivo
afirmativamente,positivo
advanced,positivo
admirablemente,positivo
nítido,positivo
gustoso,positivo
calurosamente,positivo
barriendo,positivo
ardientemente,positivo
aleteo,positivo
perfect,positivo
peonza,positivo
felpa,positivo
sentenciar,positivo
privilegiar,positivo
efusión,positivo
win,positivo
magic,positivo
lustroso,positivo
aplaudir,positivo
alentador,positivo
razonada,positivo
dulcemente,positivo
cuerdo,positivo
ganga,positivo
tolerable,positivo
clear,positivo
misericordioso,positivo
beautiful,positivo
ponderar,positivo
pensativo,positivo
alistar,positivo
aclararse,positivo
permisible,positivo
limpiamente,positivo
vívido,positivo
atónito,positivo
melodioso,positivo
exquisitamente,positivo
armoniosamente,positivo
prudentemente,positivo
ondear,positivo
chic,positivo
subvencionar,positivo
pum,positivo
en,negativo
para,negativo
sin,negativo
tiempo,negativo
bajo,negativo
varios,negativo
tipo,negativo
largo,negativo
solo,negativo
muerte,negativo
tierra,negativo
carrera,negativo
casi,negativo
pesar,negativo
mucho,negativo
puesto,negativo
color,negativo
mar,negativo
resto,negativo
discusión,negativo
paso,negativo
alto,negativo
problemas,negativo
situación,negativo
pequeño,negativo
aproximadamente,negativo
dado,negativo
lucha,negativo
interés,negativo
sitio,negativo
división,negativo
niños,negativo
ataque,negativo
baja,negativo
aire,negativo
restos,negativo
canal,negativo
pasado,negativo
falta,negativo
problema,negativo
evitar,negativo
puerto,negativo
propiedad,negativo
piedra,negativo
objeto,negativo
negro,negativo
jugar,negativo
mal,negativo
ir,negativo
usado,negativo
corte,negativo
crítica,negativo
enfermedad,negativo
inferior,negativo
verde,negativo
crisis,negativo
terreno,negativo
contrario,negativo
conflicto,negativo
resistencia,negativo
carga,negativo
regreso,negativo
pobreza,negativo
dejar,negativo
oposición,negativo
caída,negativo
apenas,negativo
corriente,negativo
límite,negativo
pérdida,negativo
golpe,negativo
ataques,negativo
muerto,negativo
corto,negativo
cambiar,negativo
plano,negativo
recibir,negativo
invasión,negativo
entrega,negativo
accidente,negativo
duda,negativo
enorme,negativo
límites,negativo
enemigo,negativo
ficción,negativo
asesinato,negativo
muertos,negativo
batería,negativo
enemigos,negativo
peligro,negativo
prisión,negativo
solar,negativo
riesgo,negativo
abandonar,negativo
cuestión,negativo
particularmente,negativo
perdido,negativo
error,negativo
tocar,negativo
perder,negativo
secreto,negativo
ácido,negativo
crítico,negativo
destrucción,negativo
parecer,negativo
lejos,negativo
críticos,negativo
ausencia,negativo
tarea,negativo
esfuerzo,negativo
oscuro,negativo
tendencia,negativo
disputa,negativo
fabricación,negativo
explotación,negativo
morir,negativo
coche,negativo
rival,negativo
amenaza,negativo
infantil,negativo
conflictos,negativo
daños,negativo
solitario,negativo
extranjero,negativo
grave,negativo
matar,negativo
atacar,negativo
pico,negativo
cáncer,negativo
borrado,negativo
ligeramente,negativo
piso,negativo
dificultades,negativo
emisión,negativo
muere,negativo
responsabilidad,negativo
rebelión,negativo
dolor,negativo
luchar,negativo
estudiante,negativo
privado,negativo
flujo,negativo
pelea,negativo
imposible,negativo
eliminar,negativo
argumento,negativo
descenso,negativo
trama,negativo
dividido,negativo
esclavos,negativo
referirse,negativo
virus,negativo
usados,negativo
pena,negativo
destruir,negativo
caer,negativo
exilio,negativo
ejercicio,negativo
izquierdo,negativo
errores,negativo
cárcel,negativo
fracaso,negativo
ruinas,negativo
pan,negativo
daño,negativo
pierde,negativo
perro,negativo
tensión,negativo
propietario,negativo
enfrentamiento,negativo
retirarse,negativo
punk,negativo
desierto,negativo
asalto,negativo
formal,negativo
bomba,negativo
cuestiones,negativo
renuncia,negativo
víctima,negativo
puertos,negativo
regla,negativo
miedo,negativo
peor,negativo
bloqueo,negativo
dificultad,negativo
retiro,negativo
sufre,negativo
evidente,negativo
síntomas,negativo
lesión,negativo
abandonado,negativo
escasa,negativo
depresión,negativo
huir,negativo
sufrido,negativo
incidente,negativo
negativa,negativo
partidarios,negativo
disputar,negativo
persecución,negativo
pobre,negativo
específico,negativo
ofensiva,negativo
eliminación,negativo
condenado,negativo
retirado,negativo
desconocido,negativo
explosión,negativo
artificial,negativo
gótico,negativo
parcial,negativo
disolución,negativo
vacío,negativo
índice,negativo
cobertura,negativo
marrón,negativo
radical,negativo
limitado,negativo
copa,negativo
fallecimiento,negativo
disputado,negativo
dudas,negativo
terror,negativo
crimen,negativo
cueva,negativo
débil,negativo
tanques,negativo
cardenal,negativo
concesión,negativo
gravedad,negativo
venganza,negativo
rechazo,negativo
deuda,negativo
controversia,negativo
dominante,negativo
pérdidas,negativo
asesino,negativo
represión,negativo
romper,negativo
golfo,negativo
tablas,negativo
revuelta,negativo
sufrir,negativo
ruptura,negativo
ficticio,negativo
asedio,negativo
asamblea,negativo
extraño,negativo
parada,negativo
gráfica,negativo
aplicar,negativo
protesta,negativo
curva,negativo
disminución,negativo
enfrentar,negativo
polvo,negativo
heridas,negativo
cría,negativo
intenso,negativo
experimental,negativo
provisional,negativo
protestas,negativo
corrupción,negativo
luchas,negativo
preocupación,negativo
huelga,negativo
maestra,negativo
prisionero,negativo
lento,negativo
emergencia,negativo
confusión,negativo
conservador,negativo
culpa,negativo
impedir,negativo
síndrome,negativo
mata,negativo
huevo,negativo
rumores,negativo
delito,negativo
contaminación,negativo
superficial,negativo
húmedo,negativo
mito,negativo
niega,negativo
bebida,negativo
pesado,negativo
castigo,negativo
opuesto,negativo
sentir,negativo
apartado,negativo
rivalidad,negativo
ruido,negativo
censura,negativo
grueso,negativo
provocar,negativo
golpes,negativo
cerdo,negativo
ilegal,negativo
desastre,negativo
énfasis,negativo
bombardeo,negativo
misterio,negativo
exceso,negativo
depósito,negativo
luchando,negativo
irregular,negativo
causado,negativo
albergar,negativo
lentamente,negativo
infección,negativo
trío,negativo
oponente,negativo
escándalo,negativo
radicales,negativo
rompió,negativo
entregar,negativo
tragedia,negativo
incapaz,negativo
descendencia,negativo
duelo,negativo
traición,negativo
propaganda,negativo
cadáver,negativo
barro,negativo
demonio,negativo
templado,negativo
escaso,negativo
enfermo,negativo
violación,negativo
decadencia,negativo
condena,negativo
fuga,negativo
renunciar,negativo
fallo,negativo
accidentes,negativo
hierba,negativo
negativo,negativo
emitir,negativo
delitos,negativo
escasez,negativo
lagunas,negativo
hambre,negativo
concedido,negativo
falso,negativo
sacrificio,negativo
acusaciones,negativo
tanque,negativo
prevenir,negativo
bolsa,negativo
sometido,negativo
interesado,negativo
denuncia,negativo
aislamiento,negativo
rebelde,negativo
salvaje,negativo
odio,negativo
dragón,negativo
criminal,negativo
manchas,negativo
peculiar,negativo
conspiración,negativo
amenazas,negativo
gravemente,negativo
parodia,negativo
rendición,negativo
prohibido,negativo
fiebre,negativo
primitivo,negativo
nervioso,negativo
choque,negativo
rechazado,negativo
citar,negativo
terrible,negativo
monstruo,negativo
culpable,negativo
recorrer,negativo
dictador,negativo
oscuridad,negativo
residuos,negativo
macizo,negativo
enfermos,negativo
raro,negativo
guerrero,negativo
vestigios,negativo
palo,negativo
virgen,negativo
fabricar,negativo
inclinación,negativo
riesgos,negativo
sumamente,negativo
diagrama,negativo
defensiva,negativo
defecto,negativo
limitaciones,negativo
asesinar,negativo
agujero,negativo
suicidio,negativo
robo,negativo
concede,negativo
anarquista,negativo
criticado,negativo
falla,negativo
peligroso,negativo
cortar,negativo
hueco,negativo
esclavitud,negativo
caos,negativo
trastorno,negativo
caído,negativo
contienda,negativo
abuso,negativo
despedido,negativo
estrictamente,negativo
desfile,negativo
escape,negativo
disminuir,negativo
bajar,negativo
nubes,negativo
rechaza,negativo
inusual,negativo
erosión,negativo
defensivo,negativo
preferencia,negativo
invención,negativo
deterioro,negativo
erupción,negativo
herida,negativo
discutir,negativo
masacre,negativo
envío,negativo
dividir,negativo
olor,negativo
acumulación,negativo
debilidad,negativo
triste,negativo
tardío,negativo
malo,negativo
esqueleto,negativo
acento,negativo
infierno,negativo
colapso,negativo
ira,negativo
resultar,negativo
negativos,negativo
humo,negativo
extender,negativo
monstruos,negativo
trampa,negativo
pelear,negativo
partidario,negativo
parar,negativo
robar,negativo
sospecha,negativo
desgracia,negativo
vano,negativo
deudas,negativo
imponer,negativo
absolutamente,negativo
mortal,negativo
inminente,negativo
discriminación,negativo
débiles,negativo
cómico,negativo
desafío,negativo
estallido,negativo
basura,negativo
alejado,negativo
terrorismo,negativo
aislado,negativo
herederos,negativo
droga,negativo
aumentado,negativo
loco,negativo
epidemia,negativo
acusación,negativo
separar,negativo
surgimiento,negativo
confundir,negativo
inestabilidad,negativo
táctica,negativo
proceder,negativo
misterioso,negativo
rojizo,negativo
salvajes,negativo
obstáculos,negativo
explotar,negativo
retraso,negativo
grasa,negativo
disturbios,negativo
descontento,negativo
fraude,negativo
infecciones,negativo
locura,negativo
diablo,negativo
tortura,negativo
envuelto,negativo
violento,negativo
peleas,negativo
manipulación,negativo
criado,negativo
sequía,negativo
abusos,negativo
descender,negativo
arresto,negativo
proponer,negativo
defectos,negativo
matanza,negativo
pecado,negativo
turca,negativo
veneno,negativo
concesiones,negativo
soledad,negativo
duramente,negativo
estricto,negativo
pálido,negativo
hard,negativo
villano,negativo
rechazar,negativo
mate,negativo
nube,negativo
hundimiento,negativo
fanáticos,negativo
dureza,negativo
peste,negativo
suspendido,negativo
determinante,negativo
arranque,negativo
huye,negativo
roto,negativo
sopa,negativo
óxido,negativo
preso,negativo
gripe,negativo
atrapado,negativo
exiliado,negativo
insurrección,negativo
drenaje,negativo
aproximado,negativo
supresión,negativo
degradación,negativo
ausente,negativo
bloqueado,negativo
sufrimiento,negativo
aborto,negativo
bruja,negativo
ocultar,negativo
incapacidad,negativo
cuchillo,negativo
quejas,negativo
ilusión,negativo
estallar,negativo
broma,negativo
lapso,negativo
revés,negativo
estrés,negativo
carencia,negativo
quitar,negativo
grito,negativo
erróneamente,negativo
bloquear,negativo
trasero,negativo
difunto,negativo
cruel,negativo
posturas,negativo
maldición,negativo
invadir,negativo
esclavo,negativo
busto,negativo
expulsar,negativo
desacuerdo,negativo
ciego,negativo
fallos,negativo
pánico,negativo
ruina,negativo
golpear,negativo
cargar,negativo
anarquismo,negativo
fascista,negativo
exclusión,negativo
paja,negativo
cerco,negativo
dañado,negativo
notoriedad,negativo
agresión,negativo
hegemonía,negativo
hostilidades,negativo
diamante,negativo
retroceso,negativo
quebrada,negativo
inestable,negativo
crudo,negativo
vengarse,negativo
acusa,negativo
gruesa,negativo
denuncias,negativo
restricción,negativo
insuficiencia,negativo
malvado,negativo
bestia,negativo
disminuyendo,negativo
asesina,negativo
niebla,negativo
sonar,negativo
interrupción,negativo
mancha,negativo
solemne,negativo
preocupaciones,negativo
perseguir,negativo
limón,negativo
inevitable,negativo
destructor,negativo
saqueo,negativo
advertencia,negativo
robado,negativo
derrocar,negativo
preocupado,negativo
plaga,negativo
adversario,negativo
radicalmente,negativo
celos,negativo
escisión,negativo
ofensivo,negativo
polémico,negativo
saco,negativo
denso,negativo
confrontación,negativo
bélico,negativo
desventaja,negativo
revertir,negativo
someter,negativo
villanos,negativo
ladrones,negativo
insuficiente,negativo
parrilla,negativo
desorden,negativo
limitación,negativo
fallas,negativo
excusa,negativo
cólera,negativo
prolongada,negativo
engaño,negativo
invisible,negativo
espionaje,negativo
sospechas,negativo
brutal,negativo
adelantado,negativo
tiburón,negativo
preliminar,negativo
ladrón,negativo
revancha,negativo
mandado,negativo
manipular,negativo
ambición,negativo
explosivo,negativo
aglomeración,negativo
atrapar,negativo
prolongado,negativo
inútil,negativo
frenar,negativo
fatal,negativo
death,negativo
militancia,negativo
limitar,negativo
mudo,negativo
imaginario,negativo
huyendo,negativo
sorprendido,negativo
inconvenientes,negativo
tristeza,negativo
rendirse,negativo
feroz,negativo
rumor,negativo
fascismo,negativo
imponente,negativo
restringido,negativo
incertidumbre,negativo
retórica,negativo
imposición,negativo
acoso,negativo
hostil,negativo
trágico,negativo
fractura,negativo
vulnerable,negativo
hundido,negativo
retroceder,negativo
desintegración,negativo
caro,negativo
alterar,negativo
alarma,negativo
guerrillero,negativo
robos,negativo
negado,negativo
inflamación,negativo
confesión,negativo
interferencia,negativo
rotura,negativo
racismo,negativo
genocidio,negativo
confundido,negativo
cerdos,negativo
popa,negativo
miseria,negativo
oponerse,negativo
botín,negativo
cocido,negativo
influir,negativo
implicación,negativo
imitar,negativo
coincidir,negativo
enferma,negativo
vulgar,negativo
manufactura,negativo
marginal,negativo
timbre,negativo
dolores,negativo
alejarse,negativo
persistente,negativo
sospechoso,negativo
controvertido,negativo
inconveniente,negativo
catástrofe,negativo
erupciones,negativo
abertura,negativo
lazo,negativo
urgencia,negativo
absurdo,negativo
molesta,negativo
contradicción,negativo
burla,negativo
drásticamente,negativo
emboscada,negativo
paloma,negativo
inesperado,negativo
golpeado,negativo
malestar,negativo
dañar,negativo
deficiencia,negativo
exterminio,negativo
fronterizo,negativo
anular,negativo
rutina,negativo
mentira,negativo
curvatura,negativo
derrocamiento,negativo
caídas,negativo
destierro,negativo
mezclar,negativo
desviación,negativo
frágil,negativo
agitación,negativo
severo,negativo
quemado,negativo
die,negativo
tirar,negativo
ironía,negativo
desesperación,negativo
detrimento,negativo
hostilidad,negativo
negación,negativo
diverso,negativo
antagonista,negativo
títere,negativo
concha,negativo
complot,negativo
irrelevante,negativo
conceder,negativo
plantear,negativo
derribar,negativo
bruto,negativo
disidentes,negativo
humorista,negativo
contención,negativo
ignorancia,negativo
traidor,negativo
violentamente,negativo
insular,negativo
desprecio,negativo
chimenea,negativo
desplazado,negativo
coger,negativo
enano,negativo
prejuicios,negativo
temperamento,negativo
incorrecto,negativo
pretensión,negativo
suicida,negativo
notorio,negativo
furia,negativo
queja,negativo
dividirse,negativo
confunde,negativo
frustrado,negativo
crueldad,negativo
grietas,negativo
deficiencias,negativo
suprimir,negativo
desigualdad,negativo
accidental,negativo
escombros,negativo
desigual,negativo
quemar,negativo
prostituta,negativo
llorar,negativo
vice,negativo
dedicar,negativo
inquietud,negativo
subordinados,negativo
martirio,negativo
desnivel,negativo
brote,negativo
denunciar,negativo
hacha,negativo
desterrado,negativo
criada,negativo
tirano,negativo
thrash,negativo
urgente,negativo
fracasado,negativo
angustia,negativo
acantilado,negativo
lote,negativo
helado,negativo
difícilmente,negativo
rigidez,negativo
pasivo,negativo
trazas,negativo
negar,negativo
torturas,negativo
peaje,negativo
incierto,negativo
rocoso,negativo
vergüenza,negativo
insultos,negativo
rígido,negativo
parásito,negativo
forjado,negativo
inexistente,negativo
opresión,negativo
gigantesco,negativo
parcela,negativo
sed,negativo
trucos,negativo
inclinado,negativo
perdedor,negativo
procesar,negativo
fricción,negativo
males,negativo
lamentablemente,negativo
señorita,negativo
molesto,negativo
despido,negativo
obligar,negativo
horrible,negativo
desagradable,negativo
sospechar,negativo
cansado,negativo
huérfano,negativo
letal,negativo
prohibir,negativo
vengar,negativo
negarse,negativo
picado,negativo
siniestro,negativo
riguroso,negativo
agotamiento,negativo
desconfianza,negativo
subordinado,negativo
distorsión,negativo
tóxico,negativo
amargo,negativo
equivocado,negativo
sabotaje,negativo
alterado,negativo
engañar,negativo
costoso,negativo
revestimiento,negativo
desesperado,negativo
furioso,negativo
fatiga,negativo
delincuencia,negativo
caricatura,negativo
deficiente,negativo
odia,negativo
rígida,negativo
transcurrido,negativo
decepción,negativo
estática,negativo
castigar,negativo
ambigüedad,negativo
criticar,negativo
imaginar,negativo
recesión,negativo
doblado,negativo
frustración,negativo
puño,negativo
esqueletos,negativo
disculpa,negativo
hambruna,negativo
estragos,negativo
carecer,negativo
violar,negativo
arrancar,negativo
polarización,negativo
carril,negativo
repartir,negativo
incumplimiento,negativo
mentiras,negativo
naufragio,negativo
carente,negativo
inactivo,negativo
truco,negativo
páramo,negativo
torturado,negativo
maldad,negativo
ciega,negativo
ruidos,negativo
rabia,negativo
anarquía,negativo
retrasos,negativo
herejía,negativo
injusticia,negativo
esclava,negativo
congelado,negativo
depresiones,negativo
luchado,negativo
perforación,negativo
rematado,negativo
giros,negativo
improbable,negativo
aislar,negativo
trazar,negativo
interrupciones,negativo
acumular,negativo
payaso,negativo
enemistad,negativo
colgado,negativo
invasor,negativo
incompleto,negativo
expropiación,negativo
disgusto,negativo
casual,negativo
sofocar,negativo
ilegalmente,negativo
canasta,negativo
satírico,negativo
desventajas,negativo
frito,negativo
charla,negativo
escándalos,negativo
indiferencia,negativo
capitular,negativo
objeciones,negativo
preocuparse,negativo
mote,negativo
guardado,negativo
síntoma,negativo
estancamiento,negativo
fanático,negativo
fumar,negativo
ilegítimo,negativo
inseguridad,negativo
servidumbre,negativo
torpe,negativo
quemaduras,negativo
luto,negativo
gordo,negativo
agotado,negativo
abruptamente,negativo
derrame,negativo
inhibición,negativo
cómoda,negativo
fúnebre,negativo
borracho,negativo
interrumpir,negativo
encarcelamiento,negativo
vibración,negativo
pagano,negativo
exigente,negativo
pesadilla,negativo
dilema,negativo
deposición,negativo
corrosión,negativo
advertido,negativo
excentricidad,negativo
anormal,negativo
ano,negativo
arcaico,negativo
maltrato,negativo
indefinido,negativo
brutalmente,negativo
shock,negativo
escepticismo,negativo
torrente,negativo
tiranía,negativo
desplazar,negativo
lamentable,negativo
ebullición,negativo
latente,negativo
culpabilidad,negativo
temores,negativo
fracasar,negativo
sacrificar,negativo
dormido,negativo
confuso,negativo
confesiones,negativo
atrocidades,negativo
resentimiento,negativo
maligno,negativo
precaución,negativo
evasión,negativo
demora,negativo
interferir,negativo
agresividad,negativo
instinto,negativo
filtración,negativo
celoso,negativo
abismo,negativo
reprimir,negativo
descensos,negativo
repeler,negativo
indignación,negativo
sesgo,negativo
cansancio,negativo
indeterminado,negativo
efigie,negativo
racista,negativo
tímido,negativo
inferioridad,negativo
jerga,negativo
tonto,negativo
trucha,negativo
melancolía,negativo
sucio,negativo
padecer,negativo
molestia,negativo
pala,negativo
faltar,negativo
irónicamente,negativo
distracción,negativo
poste,negativo
bruscamente,negativo
conmoción,negativo
inesperadamente,negativo
incorrectamente,negativo
congelación,negativo
arrojar,negativo
intermitente,negativo
apagado,negativo
obsoleto,negativo
aleatorio,negativo
remover,negativo
irónico,negativo
ilusiones,negativo
confusiones,negativo
arrojado,negativo
protestar,negativo
innecesario,negativo
inadecuado,negativo
desesperadamente,negativo
trauma,negativo
dudar,negativo
fugaz,negativo
falsificación,negativo
doblar,negativo
extravagante,negativo
cuelga,negativo
anomalía,negativo
mercenario,negativo
arrogante,negativo
congestión,negativo
severidad,negativo
infectado,negativo
rehén,negativo
inevitablemente,negativo
aplastante,negativo
arrastrado,negativo
confinado,negativo
guarida,negativo
boicot,negativo
retrasar,negativo
engañado,negativo
egoísta,negativo
desequilibrio,negativo
desempleados,negativo
chocar,negativo
usurpador,negativo
quehacer,negativo
ignorar,negativo
falacia,negativo
anochecer,negativo
estigma,negativo
temple,negativo
dudoso,negativo
regresión,negativo
bustos,negativo
ridículo,negativo
incompatible,negativo
deserción,negativo
amenazar,negativo
insulto,negativo
perjudicial,negativo
olfato,negativo
bombo,negativo
corrupto,negativo
pega,negativo
disidente,negativo
evadir,negativo
depredador,negativo
obstrucción,negativo
ultimátum,negativo
irracional,negativo
sangriento,negativo
estéril,negativo
incansable,negativo
intolerancia,negativo
seducir,negativo
infracción,negativo
esconder,negativo
notoriamente,negativo
prisa,negativo
desfavorable,negativo
deteriorado,negativo
retrasado,negativo
desfiladero,negativo
vómitos,negativo
debilidades,negativo
indiferente,negativo
impar,negativo
promocionado,negativo
problemático,negativo
implacable,negativo
estereotipo,negativo
vestigio,negativo
inerte,negativo
aplastar,negativo
excéntrico,negativo
delincuente,negativo
masacres,negativo
marionetas,negativo
debilitar,negativo
carpa,negativo
impopular,negativo
repentino,negativo
persuadir,negativo
colgar,negativo
mediocre,negativo
acusando,negativo
bombardear,negativo
brutalidad,negativo
trivial,negativo
predilección,negativo
tentación,negativo
impedimento,negativo
infiel,negativo
tempestad,negativo
penalti,negativo
pegado,negativo
apagar,negativo
prolongar,negativo
insignificante,negativo
descuido,negativo
desagüe,negativo
perturbación,negativo
irreversible,negativo
pasarse,negativo
cisterna,negativo
falsedad,negativo
abatido,negativo
sobrio,negativo
injustamente,negativo
feo,negativo
estático,negativo
tabú,negativo
restringir,negativo
farsa,negativo
erróneo,negativo
áspero,negativo
saquear,negativo
sangría,negativo
oposiciones,negativo
traidores,negativo
suelto,negativo
látigo,negativo
criticando,negativo
condenar,negativo
degeneración,negativo
maleza,negativo
lata,negativo
sujeción,negativo
mortalmente,negativo
cicatrices,negativo
acusar,negativo
dictatorial,negativo
devastador,negativo
provocación,negativo
lamenta,negativo
sangrado,negativo
aislante,negativo
misteriosamente,negativo
arrepentimiento,negativo
implicar,negativo
rareza,negativo
moribundo,negativo
cobarde,negativo
metido,negativo
hundir,negativo
temible,negativo
omisión,negativo
agonía,negativo
robada,negativo
desértico,negativo
cicatriz,negativo
burlas,negativo
aversión,negativo
humillación,negativo
controversial,negativo
ambiguo,negativo
conspiraciones,negativo
portado,negativo
injusto,negativo
Moody,negativo
inmóvil,negativo
desobediencia,negativo
racistas,negativo
rencor,negativo
asaltar,negativo
acelerador,negativo
arbitrario,negativo
grieta,negativo
gastado,negativo
diablos,negativo
destrozado,negativo
pegar,negativo
paliza,negativo
llanto,negativo
molestar,negativo
insostenible,negativo
inventar,negativo
fugas,negativo
temer,negativo
rue,negativo
aburrido,negativo
paradójicamente,negativo
exagerado,negativo
privación,negativo
abrupto,negativo
pretender,negativo
desapercibido,negativo
romperse,negativo
adicto,negativo
creído,negativo
sartén,negativo
decaer,negativo
vagabundo,negativo
irritación,negativo
inaceptable,negativo
perdedores,negativo
complicación,negativo
codicia,negativo
anhelo,negativo
herir,negativo
enojado,negativo
bastardo,negativo
cuña,negativo
prescripción,negativo
sirvienta,negativo
excedente,negativo
deshacer,negativo
robadas,negativo
errante,negativo
aplastado,negativo
escéptico,negativo
fisuras,negativo
doloroso,negativo
ternura,negativo
extremistas,negativo
robados,negativo
maldito,negativo
cesta,negativo
pica,negativo
infame,negativo
gueto,negativo
arenoso,negativo
savia,negativo
rotundamente,negativo
impedancia,negativo
olores,negativo
doom,negativo
desafortunadamente,negativo
arruinado,negativo
confesar,negativo
desigualdades,negativo
tributaria,negativo
incienso,negativo
catástrofes,negativo
injusticias,negativo
incesante,negativo
devastación,negativo
camarilla,negativo
enfatizar,negativo
negligencia,negativo
estafa,negativo
avalancha,negativo
arrastrar,negativo
decaimiento,negativo
ofensa,negativo
huérfana,negativo
graso,negativo
empeorar,negativo
chiste,negativo
competitivos,negativo
lamento,negativo
brusco,negativo
crónico,negativo
decadente,negativo
provisorio,negativo
parcialidad,negativo
decepcionado,negativo
tristemente,negativo
irregularidad,negativo
helada,negativo
espinoso,negativo
destructivo,negativo
despedir,negativo
vicio,negativo
prejuicio,negativo
rebelarse,negativo
devastado,negativo
decreciente,negativo
break,negativo
invasora,negativo
decepcionante,negativo
arrastrando,negativo
redundancia,negativo
prohibiendo,negativo
ofendido,negativo
fugitivo,negativo
discutible,negativo
astucia,negativo
mierda,negativo
cómplices,negativo
acuñar,negativo
tocino,negativo
incómodo,negativo
violada,negativo
vándalo,negativo
musaraña,negativo
fanatismo,negativo
sombrío,negativo
desgraciadamente,negativo
paralizado,negativo
egoísmo,negativo
rarezas,negativo
discrepancia,negativo
venenoso,negativo
vago,negativo
pésimo,negativo
pillaje,negativo
extrañar,negativo
espeso,negativo
escaramuza,negativo
contaminado,negativo
bárbaro,negativo
tapón,negativo
dark,negativo
redundante,negativo
melancólico,negativo
deprimido,negativo
matones,negativo
desastroso,negativo
sufrimientos,negativo
negando,negativo
ingenuo,negativo
desactivar,negativo
zombie,negativo
impotencia,negativo
soberbia,negativo
rústico,negativo
perjudicar,negativo
matadero,negativo
vanidad,negativo
soltar,negativo
predisposición,negativo
enigmático,negativo
diluvio,negativo
deshizo,negativo
precario,negativo
objeción,negativo
presunción,negativo
ignorante,negativo
esquivar,negativo
zombi,negativo
carnicería,negativo
marioneta,negativo
discordia,negativo
rejilla,negativo
chatarra,negativo
agresor,negativo
abolir,negativo
alegaciones,negativo
ilícito,negativo
austero,negativo
rudo,negativo
opaco,negativo
enojo,negativo
demandar,negativo
despreciable,negativo
caótico,negativo
inquietante,negativo
atraso,negativo
víbora,negativo
inhibir,negativo
necesitado,negativo
falsamente,negativo
infeliz,negativo
superstición,negativo
inseguro,negativo
despiadado,negativo
impunidad,negativo
acosado,negativo
suciedad,negativo
quebrado,negativo
ansias,negativo
sobrepeso,negativo
traicionar,negativo
ruinoso,negativo
estaca,negativo
altercado,negativo
mujeriego,negativo
aniquilación,negativo
enfurecido,negativo
sordo,negativo
insólito,negativo
pesimismo,negativo
estrellado,negativo
delirio,negativo
recelo,negativo
taxista,negativo
subraya,negativo
inaccesible,negativo
odiado,negativo
contratiempos,negativo
intimidación,negativo
perforar,negativo
sacrificado,negativo
neblina,negativo
hipocresía,negativo
faena,negativo
alienación,negativo
volátil,negativo
miserable,negativo
crack,negativo
despectivo,negativo
asustado,negativo
infernal,negativo
hirviendo,negativo
alterando,negativo
reacio,negativo
repudio,negativo
precipitado,negativo
arrogancia,negativo
inquieto,negativo
adverso,negativo
ineficaz,negativo
demoler,negativo
desafortunado,negativo
infracciones,negativo
enfadado,negativo
desilusión,negativo
exterminar,negativo
soborno,negativo
inapropiado,negativo
conspirar,negativo
atropellado,negativo
preocupante,negativo
pesimista,negativo
difamación,negativo
burlarse,negativo
aniquilar,negativo
vertedero,negativo
mazmorras,negativo
incompatibilidad,negativo
déspota,negativo
arrojando,negativo
paranoia,negativo
imperialista,negativo
traiciona,negativo
latencia,negativo
desafiante,negativo
capricho,negativo
inexplicable,negativo
hundirse,negativo
avería,negativo
dolencia,negativo
arduo,negativo
sabotear,negativo
incógnita,negativo
fundir,negativo
fango,negativo
ulterior,negativo
recargar,negativo
derramamiento,negativo
usurpación,negativo
obsesivo,negativo
insatisfacción,negativo
dificultar,negativo
cebo,negativo
calvario,negativo
furor,negativo
histeria,negativo
carnicero,negativo
terriblemente,negativo
mentir,negativo
calabozo,negativo
bancada,negativo
desconocer,negativo
extorsión,negativo
trágicamente,negativo
perra,negativo
moler,negativo
lío,negativo
filtrar,negativo
asustar,negativo
matador,negativo
fisura,negativo
mendigo,negativo
hostigamiento,negativo
inconcluso,negativo
manchado,negativo
malentendido,negativo
extrañamente,negativo
subrayar,negativo
profano,negativo
gimmick,negativo
fiebres,negativo
cuestionable,negativo
arruinar,negativo
establos,negativo
propenso,negativo
fingir,negativo
rayado,negativo
idiota,negativo
desordenado,negativo
dentado,negativo
quebrar,negativo
insoportable,negativo
turbulento,negativo
sacrificados,negativo
fugarse,negativo
exageración,negativo
repetitivo,negativo
partidista,negativo
incompetencia,negativo
desinterés,negativo
mermelada,negativo
irresponsable,negativo
trick,negativo
impotente,negativo
grotesco,negativo
concurrido,negativo
imaginado,negativo
drástico,negativo
vil,negativo
perezoso,negativo
enfado,negativo
ebrio,negativo
split,negativo
involuntariamente,negativo
omitir,negativo
fobia,negativo
disidencia,negativo
predeterminado,negativo
humillante,negativo
distensión,negativo
estúpido,negativo
abortar,negativo
inconstitucional,negativo
desaprobación,negativo
perturbado,negativo
insultar,negativo
inexperiencia,negativo
tenso,negativo
superficialmente,negativo
imperfecto,negativo
contradictorio,negativo
sitiar,negativo
descuidado,negativo
anticuado,negativo
puta,negativo
arrebatado,negativo
involuntario,negativo
cortante,negativo
amargura,negativo
resonante,negativo
inacabado,negativo
impostor,negativo
refutar,negativo
puñal,negativo
disuadir,negativo
debacle,negativo
inundado,negativo
intimidar,negativo
perjudicado,negativo
lamentó,negativo
alegato,negativo
quejarse,negativo
desperdicios,negativo
retrasada,negativo
manía,negativo
hervir,negativo
defectuoso,negativo
consternación,negativo
antojo,negativo
temeroso,negativo
horda,negativo
atormentado,negativo
subversión,negativo
puñetazo,negativo
abusivo,negativo
escarpado,negativo
ceja,negativo
mentiroso,negativo
flagelo,negativo
tapar,negativo
alergia,negativo
irritante,negativo
perforado,negativo
ofender,negativo
acentuar,negativo
agitado,negativo
estofado,negativo
cínico,negativo
contencioso,negativo
infieles,negativo
acostado,negativo
envolver,negativo
tormento,negativo
arrebatar,negativo
impredecible,negativo
atrofia,negativo
repulsión,negativo
inmoral,negativo
estupidez,negativo
encarcelar,negativo
alboroto,negativo
intrusión,negativo
desacreditar,negativo
vómito,negativo
desdén,negativo
inmaterial,negativo
culpar,negativo
innecesarios,negativo
hereje,negativo
sarcasmo,negativo
precipitadamente,negativo
oportunista,negativo
melancólica,negativo
lástima,negativo
infructuoso,negativo
congelar,negativo
caerse,negativo
desafortunada,negativo
remordimiento,negativo
voluminoso,negativo
virulencia,negativo
rampante,negativo
oblicuo,negativo
fragmentado,negativo
empobrecido,negativo
compulsivo,negativo
agotar,negativo
sarcástico,negativo
molestado,negativo
injerto,negativo
ferocidad,negativo
despotismo,negativo
amenazante,negativo
vertiginoso,negativo
oponer,negativo
mazmorra,negativo
interfiere,negativo
obtuso,negativo
adictos,negativo
acostarse,negativo
recaer,negativo
marginado,negativo
decrecimiento,negativo
hinchazón,negativo
turbulencia,negativo
coacción,negativo
bufón,negativo
excusas,negativo
anzuelo,negativo
incomprensible,negativo
divergente,negativo
puerco,negativo
padecimiento,negativo
tosco,negativo
chantaje,negativo
moco,negativo
limo,negativo
desviarse,negativo
desarmar,negativo
soplar,negativo
confrontar,negativo
malentendidos,negativo
intruso,negativo
desagrado,negativo
traste,negativo
indignado,negativo
ineficiente,negativo
empeoramiento,negativo
ardor,negativo
picadura,negativo
penoso,negativo
inmaduro,negativo
humos,negativo
dañino,negativo
antipatía,negativo
totalitario,negativo
disgustado,negativo
tirón,negativo
idear,negativo
revocar,negativo
equivocación,negativo
discontinuidad,negativo
moho,negativo
inválido,negativo
desprovisto,negativo
despacio,negativo
traumático,negativo
súbito,negativo
ruda,negativo
inanición,negativo
equivocadamente,negativo
apocalíptico,negativo
torpeza,negativo
roza,negativo
devorar,negativo
aburrimiento,negativo
culo,negativo
afrenta,negativo
sifón,negativo
puntal,negativo
incomodidad,negativo
funky,negativo
estrellarse,negativo
escandaloso,negativo
apocalipsis,negativo
antagonismo,negativo
obscuro,negativo
nieblas,negativo
extremista,negativo
sombreado,negativo
destrozar,negativo
trastes,negativo
soberbio,negativo
señuelo,negativo
noise,negativo
incompetente,negativo
calamidades,negativo
flojo,negativo
cruelmente,negativo
retórico,negativo
rail,negativo
letargo,negativo
despectivamente,negativo
censurar,negativo
frustrar,negativo
desfilar,negativo
animadversión,negativo
alarmante,negativo
incontrolable,negativo
combativo,negativo
ineludible,negativo
charco,negativo
picar,negativo
ligar,negativo
apatía,negativo
desechar,negativo
capullo,negativo
arriesgar,negativo
alergias,negativo
matón,negativo
estancado,negativo
torturar,negativo
pulir,negativo
perverso,negativo
nerviosismo,negativo
bravura,negativo
relajarse,negativo
recelos,negativo
drag,negativo
ineficacia,negativo
imprudente,negativo
bengalas,negativo
represivo,negativo
inflexible,negativo
arrasar,negativo
penumbra,negativo
peligrar,negativo
mire,negativo
manipulador,negativo
impulsivo,negativo
dispar,negativo
descomponer,negativo
oxidado,negativo
intransigente,negativo
escoria,negativo
papelera,negativo
dificultoso,negativo
desconcertante,negativo
tumulto,negativo
zorra,negativo
impenetrable,negativo
tic,negativo
monotonía,negativo
estratagema,negativo
borrosa,negativo
sacudida,negativo
plebeyo,negativo
cancer,negativo
riña,negativo
imperfecciones,negativo
goteo,negativo
desolado,negativo
deplorable,negativo
celosamente,negativo
adversidad,negativo
travieso,negativo
arrugas,negativo
vergonzoso,negativo
reparos,negativo
ruidoso,negativo
recaída,negativo
desertar,negativo
insensible,negativo
duele,negativo
desilusionado,negativo
citación,negativo
pícaro,negativo
insultado,negativo
vicioso,negativo
paradójico,negativo
nublado,negativo
monstruoso,negativo
engañosa,negativo
avergonzado,negativo
agallas,negativo
rupturas,negativo
pantanoso,negativo
diabólico,negativo
malicia,negativo
líos,negativo
bugs,negativo
reaccionario,negativo
indefenso,negativo
catastrófico,negativo
tapado,negativo
súplicas,negativo
simplista,negativo
desgraciado,negativo
perturbar,negativo
susto,negativo
proscrito,negativo
inconsistencias,negativo
contraproducente,negativo
pito,negativo
incredulidad,negativo
degenerado,negativo
comodín,negativo
blasfemia,negativo
beligerante,negativo
bebido,negativo
abrumador,negativo
pegajoso,negativo
inexperto,negativo
escama,negativo
drenar,negativo
descuidar,negativo
aplastamiento,negativo
abatir,negativo
descrédito,negativo
retar,negativo
odiar,negativo
interrumpieron,negativo
extinguir,negativo
enredo,negativo
demoníaco,negativo
confiscado,negativo
lastimar,negativo
fundamentalismo,negativo
celosía,negativo
vibrar,negativo
gángster,negativo
distorsionado,negativo
indecisión,negativo
flaco,negativo
discriminar,negativo
agonizante,negativo
reticente,negativo
perdición,negativo
infiltrados,negativo
distanciado,negativo
impensable,negativo
colapsar,negativo
alucinación,negativo
mulato,negativo
mella,negativo
inundar,negativo
horrorizado,negativo
derruido,negativo
tank,negativo
chismes,negativo
insuperable,negativo
infligir,negativo
loba,negativo
disturbio,negativo
desleal,negativo
demente,negativo
resfriado,negativo
radicalización,negativo
lamentar,negativo
dead,negativo
contaminar,negativo
cataclismo,negativo
bug,negativo
antagónico,negativo
varado,negativo
sucumbir,negativo
desorganización,negativo
junco,negativo
escamoso,negativo
coerción,negativo
hipócrita,negativo
deteriorarse,negativo
curtido,negativo
resentido,negativo
refutación,negativo
desagües,negativo
envenenar,negativo
basurero,negativo
sima,negativo
minar,negativo
retorcido,negativo
inflado,negativo
indeciso,negativo
contradecir,negativo
abandonos,negativo
penuria,negativo
delirante,negativo
bromista,negativo
revolver,negativo
insatisfecho,negativo
furtivo,negativo
frustraciones,negativo
subversivo,negativo
salvajemente,negativo
jam,negativo
indebido,negativo
deformado,negativo
queer,negativo
frenético,negativo
false,negativo
impreciso,negativo
fatalmente,negativo
despreciado,negativo
asco,negativo
vertederos,negativo
usurpar,negativo
conspirador,negativo
pinchar,negativo
pereza,negativo
inconsistente,negativo
clamor,negativo
inalcanzable,negativo
dificultosa,negativo
azote,negativo
temerario,negativo
sanguinario,negativo
némesis,negativo
moderar,negativo
maltratado,negativo
degradar,negativo
cercar,negativo
camarote,negativo
percance,negativo
inmoralidad,negativo
frustrante,negativo
despreciar,negativo
cojo,negativo
nalgas,negativo
impureza,negativo
entorpecer,negativo
corrompido,negativo
indeseable,negativo
cinismo,negativo
animosidad,negativo
transgresión,negativo
atroz,negativo
tortuoso,negativo
silbido,negativo
piquete,negativo
macabro,negativo
derrumbarse,negativo
cefalea,negativo
volcar,negativo
repugnante,negativo
pervertido,negativo
condenación,negativo
carestía,negativo
asediar,negativo
innecesariamente,negativo
diametralmente,negativo
burlándose,negativo
rondar,negativo
inadvertido,negativo
vehemente,negativo
tontería,negativo
tiránico,negativo
soldar,negativo
malicioso,negativo
colaboracionista,negativo
din,negativo
desestabilización,negativo
alegar,negativo
volatilidad,negativo
tupido,negativo
privar,negativo
pararse,negativo
flagrante,negativo
fantasmal,negativo
zumbido,negativo
ponche,negativo
mortífero,negativo
frenesí,negativo
desinteresado,negativo
corrosivo,negativo
collapse,negativo
arrebato,negativo
abusado,negativo
pecio,negativo
lúgubre,negativo
wild,negativo
inacción,negativo
desperdicio,negativo
confundiendo,negativo
sicario,negativo
libertino,negativo
boicotear,negativo
revuelto,negativo
minado,negativo
imprudencia,negativo
errático,negativo
enloquecido,negativo
enfermizo,negativo
deshecho,negativo
torcido,negativo
incoherente,negativo
aterrador,negativo
tonterías,negativo
simulado,negativo
impropio,negativo
hack,negativo
forastero,negativo
obsceno,negativo
estupor,negativo
socavar,negativo
perversión,negativo
indiscriminadamente,negativo
desbaratar,negativo
expirado,negativo
desobedecer,negativo
debilitarse,negativo
tentativamente,negativo
mediocridad,negativo
renuente,negativo
infringir,negativo
inculcar,negativo
bulo,negativo
suscitar,negativo
sudario,negativo
lastimado,negativo
inservible,negativo
amargamente,negativo
sesgos,negativo
sabueso,negativo
espanto,negativo
desproporcionado,negativo
desmayo,negativo
calumnia,negativo
mundano,negativo
fatídico,negativo
despecho,negativo
desintegrarse,negativo
ambivalente,negativo
abrumado,negativo
abortado,negativo
pelearse,negativo
obeso,negativo
intolerable,negativo
paranoico,negativo
imprevisto,negativo
impersonal,negativo
desterrar,negativo
cesto,negativo
súplica,negativo
esporádico,negativo
bla,negativo
fiasco,negativo
estruendo,negativo
caprichoso,negativo
anómalo,negativo
indiscriminado,negativo
falacias,negativo
descomponerse,negativo
cohecho,negativo
charlar,negativo
embate,negativo
bombear,negativo
descansos,negativo
agravar,negativo
exhausto,negativo
equívoco,negativo
agravante,negativo
partisano,negativo
inflamatorio,negativo
desaguar,negativo
convulsión,negativo
abultado,negativo
static,negativo
oscurece,negativo
miss,negativo
inhóspito,negativo
fandango,negativo
insaciable,negativo
estridente,negativo
ahogarse,negativo
ahogamiento,negativo
servil,negativo
perecer,negativo
inmovilizado,negativo
engañoso,negativo
bicho,negativo
bad,negativo
acaparar,negativo
squash,negativo
sangrar,negativo
penitenciaría,negativo
instigador,negativo
bastardos,negativo
agitar,negativo
inhumano,negativo
estafas,negativo
coqueta,negativo
parpadeo,negativo
escarcha,negativo
chocante,negativo
atrasado,negativo
adoctrinamiento,negativo
tajante,negativo
demorar,negativo
zapallo,negativo
restrictivo,negativo
provocador,negativo
irreparable,negativo
fiero,negativo
derramar,negativo
apuro,negativo
impracticable,negativo
provocativo,negativo
espejismo,negativo
sobras,negativo
inconsistencia,negativo
falsificar,negativo
escarnio,negativo
deshonra,negativo
desempleado,negativo
ridiculizar,negativo
opresivo,negativo
crash,negativo
corromper,negativo
cloaca,negativo
vengativo,negativo
renuencia,negativo
obstaculizado,negativo
inexorable,negativo
curandero,negativo
bajón,negativo
amargado,negativo
nepotismo,negativo
ladrona,negativo
fealdad,negativo
abrumadoramente,negativo
patético,negativo
infortunio,negativo
caníbal,negativo
incesantemente,negativo
exagerar,negativo
espeluznante,negativo
espantoso,negativo
cliché,negativo
atropello,negativo
inexacto,negativo
purgar,negativo
mofa,negativo
lego,negativo
descontrolado,negativo
desconfiar,negativo
baldío,negativo
imprevisible,negativo
desconcertado,negativo
boquete,negativo
vetar,negativo
precipitar,negativo
locamente,negativo
lasca,negativo
incitación,negativo
autocrático,negativo
acosar,negativo
marginada,negativo
hollow,negativo
esclavizar,negativo
punzante,negativo
burlado,negativo
tanteo,negativo
pinchazo,negativo
chancho,negativo
violador,negativo
extravagancia,negativo
desorganizado,negativo
tedioso,negativo
maldiciones,negativo
hinchado,negativo
endurecer,negativo
monótono,negativo
impetuoso,negativo
escalofriante,negativo
disonancia,negativo
cerda,negativo
picardía,negativo
expirar,negativo
quemadura,negativo
licenciar,negativo
discapacitado,negativo
calculador,negativo
amasar,negativo
algarabía,negativo
reproche,negativo
lost,negativo
irritado,negativo
insinuación,negativo
inexacta,negativo
fingido,negativo
atascado,negativo
piquetes,negativo
despótico,negativo
desacato,negativo
chantajear,negativo
bobo,negativo
urogallo,negativo
infamia,negativo
despistado,negativo
aspirado,negativo
distorsionar,negativo
desesperanza,negativo
bofetada,negativo
basto,negativo
libertinaje,negativo
guisado,negativo
candente,negativo
arruinando,negativo
ampolla,negativo
idiotas,negativo
fraudulento,negativo
averiado,negativo
sumergir,negativo
inimaginable,negativo
impasible,negativo
categórico,negativo
pelado,negativo
parir,negativo
oscurecer,negativo
opresores,negativo
invasivo,negativo
insultante,negativo
inamovible,negativo
extraviado,negativo
desconfiado,negativo
cañoneo,negativo
belicoso,negativo
nocivo,negativo
desmoronamiento,negativo
aflicción,negativo
llamarada,negativo
irritable,negativo
sesgado,negativo
perplejo,negativo
infelicidad,negativo
descarado,negativo
carnada,negativo
instigadores,negativo
apresurado,negativo
riñas,negativo
obscenidad,negativo
adherente,negativo
vacilante,negativo
obstruir,negativo
obstinado,negativo
maraña,negativo
ghetto,negativo
cauteloso,negativo
bronca,negativo
amortiguar,negativo
alud,negativo
torcer,negativo
quejado,negativo
puñalada,negativo
maníaco,negativo
imperfección,negativo
drones,negativo
devastar,negativo
canalla,negativo
abrasivo,negativo
rugido,negativo
oler,negativo
inexorablemente,negativo
estorbo,negativo
dogmático,negativo
vomitar,negativo
tirarse,negativo
talar,negativo
repulsa,negativo
rebatir,negativo
naufragar,negativo
desalentar,negativo
desacreditado,negativo
angustiado,negativo
tibio,negativo
lapsos,negativo
distorsiona,negativo
descarada,negativo
problem,negativo
podrido,negativo
hoax,negativo
fragor,negativo
coquetear,negativo
hedonista,negativo
fall,negativo
empinado,negativo
emboscar,negativo
deslealtad,negativo
copo,negativo
ahondar,negativo
vehementemente,negativo
urdimbre,negativo
menguante,negativo
indistinguible,negativo
impuro,negativo
decepciones,negativo
charlatán,negativo
aterrorizar,negativo
prevenido,negativo
oscurecido,negativo
escabroso,negativo
discontinuo,negativo
desorientado,negativo
superfluo,negativo
pizca,negativo
bondage,negativo
turbio,negativo
totalitaria,negativo
sedentario,negativo
ralentizar,negativo
prolijo,negativo
odiosa,negativo
ficcional,negativo
estampida,negativo
desunión,negativo
deformar,negativo
ventosa,negativo
desintegrado,negativo
calamidad,negativo
analfabeto,negativo
subastado,negativo
podredumbre,negativo
ensangrentado,negativo
drogadicto,negativo
dies,negativo
warp,negativo
taladros,negativo
fríamente,negativo
bichos,negativo
insalvable,negativo
ineptitud,negativo
dim,negativo
citaciones,negativo
tout,negativo
negligente,negativo
incendiario,negativo
desafuero,negativo
consentir,negativo
congeló,negativo
banal,negativo
sumiso,negativo
retardar,negativo
premeditado,negativo
perturbador,negativo
penalty,negativo
irracionalidad,negativo
imprecisiones,negativo
evade,negativo
descaradamente,negativo
agotador,negativo
wedge,negativo
trunca,negativo
lesionar,negativo
attack,negativo
ahogar,negativo
ultraje,negativo
reventar,negativo
injustificado,negativo
hematomas,negativo
resignado,negativo
nihilista,negativo
renuncio,negativo
estrangular,negativo
enredado,negativo
desmayado,negativo
desglose,negativo
breaks,negativo
litera,negativo
cojera,negativo
amonestación,negativo
abominable,negativo
untar,negativo
saciar,negativo
látigos,negativo
escapatoria,negativo
apuñalar,negativo
tacha,negativo
insuficientemente,negativo
ostensible,negativo
malhumorado,negativo
extremismo,negativo
estereotipada,negativo
agobiante,negativo
vanidoso,negativo
sacudir,negativo
parodiar,negativo
inepto,negativo
heterodoxo,negativo
endeble,negativo
discriminatorio,negativo
cursi,negativo
contagioso,negativo
alarmado,negativo
indocumentados,negativo
inconcebible,negativo
hebilla,negativo
encallado,negativo
desfasado,negativo
cogida,negativo
chato,negativo
traidora,negativo
torcida,negativo
subyugar,negativo
refutado,negativo
refuta,negativo
menospreciar,negativo
defensive,negativo
violadores,negativo
indigente,negativo
hell,negativo
falsificado,negativo
enjuiciar,negativo
bullicio,negativo
aniquilamiento,negativo
sustraer,negativo
reprobación,negativo
humildemente,negativo
deprimente,negativo
contusión,negativo
codicioso,negativo
twist,negativo
sofocante,negativo
picor,negativo
frenéticamente,negativo
cruento,negativo
pedante,negativo
desmoronarse,negativo
picazón,negativo
insalubre,negativo
infestado,negativo
disparate,negativo
cegar,negativo
caducado,negativo
burlón,negativo
barricada,negativo
abatimiento,negativo
romo,negativo
rogar,negativo
rencores,negativo
rehusar,negativo
inmiscuirse,negativo
desenfrenado,negativo
supersticioso,negativo
suicide,negativo
pretencioso,negativo
object,negativo
estresante,negativo
espantar,negativo
disgustos,negativo
delatar,negativo
bruma,negativo
traicionero,negativo
renegar,negativo
rendija,negativo
opresor,negativo
estropear,negativo
enganchar,negativo
dolorosamente,negativo
tropezar,negativo
salvajismo,negativo
kill,negativo
ilegible,negativo
tachar,negativo
reprimenda,negativo
presumido,negativo
malévolo,negativo
lied,negativo
furiosamente,negativo
estafar,negativo
engorroso,negativo
dilación,negativo
conspicuo,negativo
castrado,negativo
ajedrezado,negativo
repudiar,negativo
desvanecerse,negativo
condensar,negativo
sórdido,negativo
strike,negativo
repugnancia,negativo
neurótico,negativo
ambivalencia,negativo
altivo,negativo
alegación,negativo
retardado,negativo
indecente,negativo
gánster,negativo
fuck,negativo
sarcásticamente,negativo
promiscuo,negativo
pelar,negativo
embestir,negativo
desprevenido,negativo
degradante,negativo
atasco,negativo
aberrante,negativo
seto,negativo
protestado,negativo
ilógico,negativo
azotar,negativo
dire,negativo
rabioso,negativo
ocioso,negativo
freak,negativo
enojar,negativo
cayado,negativo
airadamente,negativo
sospechosamente,negativo
senil,negativo
presentimiento,negativo
menguar,negativo
apenado,negativo
alérgico,negativo
afligido,negativo
preocupar,negativo
mendicidad,negativo
ahorcar,negativo
scratch,negativo
rezagado,negativo
pendular,negativo
gauche,negativo
fastidiar,negativo
deshonor,negativo
contender,negativo
azada,negativo
amenazador,negativo
masacrar,negativo
irritar,negativo
inutilizar,negativo
furtivamente,negativo
condescendiente,negativo
voluble,negativo
torrent,negativo
disonante,negativo
disensión,negativo
desenfreno,negativo
conmocionado,negativo
ax,negativo
subestimar,negativo
invalidar,negativo
insensibilidad,negativo
impotentes,negativo
evil,negativo
arcano,negativo
tropiezos,negativo
terco,negativo
sangrante,negativo
riesgoso,negativo
predicamento,negativo
pardusco,negativo
insolente,negativo
chupa,negativo
cesante,negativo
calabacín,negativo
babosa,negativo
trazador,negativo
tentativo,negativo
sobrecargado,negativo
retrasarse,negativo
petrificado,negativo
ininteligible,negativo
despertador,negativo
stress,negativo
pain,negativo
instigar,negativo
herético,negativo
forajido,negativo
deteriorar,negativo
yermo,negativo
tirante,negativo
redondear,negativo
intimidante,negativo
funesto,negativo
estropeado,negativo
estrellar,negativo
difamar,negativo
desperfecto,negativo
desazón,negativo
carboncillo,negativo
angostura,negativo
abusador,negativo
abarrotado,negativo
tramposo,negativo
quebradizo,negativo
paria,negativo
ortiga,negativo
objetar,negativo
estrangulación,negativo
enajenar,negativo
virulento,negativo
tendencioso,negativo
satirizar,negativo
quebranto,negativo
pipe,negativo
mentirosos,negativo
ilusorio,negativo
garfio,negativo
cry,negativo
contrariedad,negativo
chupar,negativo
bullying,negativo
acaparamiento,negativo
vague,negativo
travesura,negativo
traumatizado,negativo
solterona,negativo
ridiculiza,negativo
pomposo,negativo
pecar,negativo
maldecir,negativo
gruñón,negativo
desasosiego,negativo
tartamudez,negativo
sour,negativo
sangra,negativo
monster,negativo
legato,negativo
issue,negativo
desperdiciar,negativo
colar,negativo
cepo,negativo
artimaña,negativo
amedrentar,negativo
vent,negativo
rasgado,negativo
inutilizable,negativo
inaudito,negativo
gravar,negativo
finta,negativo
encenderse,negativo
discrepar,negativo
acuciante,negativo
oneroso,negativo
knock,negativo
irrespetuoso,negativo
imprudentemente,negativo
horrendo,negativo
subyugación,negativo
quebrantar,negativo
machacar,negativo
desanimado,negativo
perversidad,negativo
incomprendido,negativo
hedor,negativo
falsear,negativo
errar,negativo
devil,negativo
depravación,negativo
complex,negativo
aspereza,negativo
ansiosamente,negativo
roscado,negativo
inexactitud,negativo
estrafalario,negativo
diatriba,negativo
denegar,negativo
